Subject,EEGNet_Accuracy,EEGNet_Kappa,EEGNet_Latency_Median_ms,EEGNet_Latency_P95_ms,EEGNet_Best_Epoch
1,0.5381944444444444,0.3842592592592593,0.5576664989348501,0.6286333446041681,60
2,0.2881944444444444,0.05092592592592593,0.7356455025728792,0.860748351260554,34
3,0.6666666666666666,0.5555555555555556,0.6698959987261333,0.9295062562159727,60
4,0.3611111111111111,0.14814814814814814,0.667187494400423,0.8011978097783867,60
5,0.2916666666666667,0.05555555555555558,0.6761869954061694,0.8565329968405421,17
6,0.34375,0.125,0.7145834970287979,0.862216445239028,56
7,0.4027777777777778,0.20370370370370372,0.7110630031093024,0.8572255523176864,56
8,0.5763888888888888,0.43518518518518523,0.6790000043110922,0.8454752001853192,60
9,0.7048611111111112,0.6064814814814814,0.6868334967293777,0.9453625003516208,57
