Subject,CSP_LDA_Accuracy,CSP_LDA_Kappa,CSP_LDA_Latency_Median_ms,CSP_LDA_Latency_P95_ms,CSP_SVM_Accuracy,CSP_SVM_Kappa,CSP_SVM_Latency_Median_ms,CSP_SVM_Latency_P95_ms
1,0.7777777777777778,0.7037037037037037,0.12604200310306624,0.13456864253384992,0.78125,0.7083333333333333,0.11491699842736125,0.12232884400873445
2,0.4270833333333333,0.23611111111111116,0.1264589955098927,0.13326195694389753,0.4201388888888889,0.22685185185185186,0.11702049960149452,0.12270625302335247
3,0.7604166666666666,0.6805555555555556,0.125228994875215,0.13538794810301624,0.7395833333333334,0.6527777777777778,0.11612500384217128,0.12259430150152181
4,0.5659722222222222,0.4212962962962963,0.12889599020127207,0.1347748991975095,0.5659722222222222,0.4212962962962963,0.11979149712715298,0.1265396029339172
5,0.3333333333333333,0.11111111111111116,0.1257920084754005,0.1368709483358543,0.3194444444444444,0.09259259259259256,0.11850000009872019,0.12575395448948257
6,0.4791666666666667,0.3055555555555556,0.12808300380129367,0.13740164358750917,0.46875,0.29166666666666663,0.1196664888993837,0.1295431931794155
7,0.6180555555555556,0.4907407407407407,0.12762500409735367,0.1363606526865624,0.6111111111111112,0.4814814814814815,0.1199375037685968,0.12989954921067692
8,0.78125,0.7083333333333333,0.12772950140060857,0.1374433035380207,0.78125,0.7083333333333333,0.11770849960157648,0.12704769978881814
9,0.7847222222222222,0.712962962962963,0.12666700058616698,0.1347501958662178,0.7604166666666666,0.6805555555555556,0.11568750778678805,0.12626644383999513
